{
  "rooms": {
    "GRAND":      {"CPAI": 7500,  "MAPAI": 8800,  "APAI": 10000},
    "ELEGANT":    {"CPAI": 7500,  "MAPAI": 8800,  "APAI": 10000},
    "GRAND CLASSIC": {"CPAI": 8000, "MAPAI": 9300, "APAI": 10500},
    "ELEGANT CLASSIC": {"CPAI": 8000, "MAPAI": 9300, "APAI": 10500},
    "EXOTICA JACUZZI": {"CPAI": 8500, "MAPAI": 9800, "APAI": 11000},
    "LEGACY JACUZZI":  {"CPAI": 8500, "MAPAI": 9800, "APAI": 11000},
    "AQUA SUITE":      {"CPAI": 19000, "MAPAI": 21600, "APAI": 24000},
    "AQUA SUITE DLX":  {"CPAI": 20000, "MAPAI": 22600, "APAI": 25000},
    "MOUNTAIN TENT":   {"CPAI": 8500,  "MAPAI": 9800,  "APAI": 11000},
    "LAWN TENT":       {"CPAI": 8000,  "MAPAI": 9300,  "APAI": 10500},
    "ORION SUITE":     {"CPAI": 24500, "MAPAI": 28400, "APAI": 32000},
    "MAHARAJA SUITE":  {"CPAI": 10500, "MAPAI": 11800, "APAI": 13000},
    "STAR SUITE":      {"CPAI": 9500,  "MAPAI": 10800, "APAI": 12000}
  },

  "season_dates": [
    ["24/12/2025", "04/01/2026"],
    ["23/01/2026", "27/01/2026"],
    ["03/03/2026", "05/03/2026"],
    ["19/03/2026", "22/03/2026"]
  ]
}
